'5e6dff55,Shalini,2023-05-07 22:14:13,finished!'
'3a05f06d,Shalini,2023-05-07 22:03:47,Merge branch 'main' of https://github.com/TUDublinBlanchBusinessIT/final-year-project-part-2-eventdream'
'0d4a47fd,Shalini,2023-05-07 22:03:10,changed menu option images'
'db15172a,arinamaros,2023-05-07 21:09:55,fixes'
'fd21a82a,arinamaros,2023-05-07 20:54:12,fixes'
'5d3fa09c,arinamaros,2023-05-07 20:36:36,map and images'
'575718db,arinamaros,2023-05-07 18:10:54,photos'
'7d2a058b,arinamaros,2023-05-07 17:26:38,images'
'24ceac6f,Shalini,2023-05-07 15:30:50,removed course from standard menu custshow fields blade'
'56bbebe0,Shalini,2023-05-07 15:28:49,added back standard menu course'
'e5ca1b12,Shalini,2023-05-07 15:27:26,removed course from standard menu custshow fields blade'
'bf9dc89f,Shalini,2023-05-07 14:39:30,changed standard menu image admin'
'b706e1ef,Shalini,2023-05-07 14:37:42,changed standard menu ratings admin'
'3f788fc6,Shalini,2023-05-07 14:33:49,changed venue image admin'
'c08025dd,Shalini,2023-05-07 14:32:06,changed venue ratings admin'
'11e212bc,Shalini,2023-05-07 14:29:42,changed customer admin'
'ea7ef833,Shalini,2023-05-07 14:20:55,changed user admin button'
'7718ebb2,Shalini,2023-05-07 14:18:50,Merge branch 'main' of https://github.com/TUDublinBlanchBusinessIT/final-year-project-part-2-eventdream'
'0109abc9,Shalini,2023-05-07 14:18:39,changed custom menu log admin'
'2f8580f6,arinamaros,2023-05-07 14:18:23,Merge branch 'main' of https://github.com/TUDublinBlanchBusinessIT/final-year-project-part-2-eventdream'
'b074ecd9,arinamaros,2023-05-07 14:18:10,css'
'9d5b542d,Shalini,2023-05-07 14:17:06,Merge branch 'main' of https://github.com/TUDublinBlanchBusinessIT/final-year-project-part-2-eventdream'
'df13e38d,Shalini,2023-05-07 14:16:58,changed custom menu admin'
'c408c029,arinamaros,2023-05-07 14:15:21,filters'
'4080e2ba,Shalini,2023-05-07 14:14:54,changed standard menu log admin'
'6a5c477b,Shalini,2023-05-07 14:13:14,changed standard menu admin'
'd4c20fb9,Shalini,2023-05-07 14:11:13,changed menu item admin'
'0374ec44,Shalini,2023-05-07 14:07:48,changed venue admin'
'39cb4abd,Shalini,2023-05-07 14:05:43,changed product admin'
'e90d0b4a,Shalini,2023-05-07 13:57:48,changed event product log admin'
'da4887bd,Shalini,2023-05-07 13:53:50,Merge branch 'main' of https://github.com/TUDublinBlanchBusinessIT/final-year-project-part-2-eventdream'
'964170f9,Shalini,2023-05-07 13:53:39,changed event admin'
'8aaa6bdb,arinamaros,2023-05-07 13:33:50,Merge branch 'main' of https://github.com/TUDublinBlanchBusinessIT/final-year-project-part-2-eventdream'
'd08a9c96,arinamaros,2023-05-07 13:33:38,menus'
'79ad34c5,Shalini,2023-05-07 13:32:13,changed permission admin'
'f82bcaf0,Shalini,2023-05-07 13:30:24,changed role admin'
'd17e6c9a,Shalini,2023-05-07 13:27:20,changed user admin'
'4227aa31,Shalini,2023-05-07 13:06:57,changes to assign menu items page'
'702808f3,arinamaros,2023-05-07 13:06:15,venues'
'e1e50f7a,arinamaros,2023-05-07 12:29:13,login pages'
'0bbb39ee,arinamaros,2023-05-07 12:19:23,menus'
'7f8b0a76,Shalini,2023-05-07 11:54:42,changed map code'
'01747794,Shalini,2023-05-07 11:24:52,changes'
'f33ef5ff,arinamaros,2023-05-06 22:53:22,css'
'6d848ff0,arinamaros,2023-05-06 22:32:00,css'
'0c1a3eab,arinamaros,2023-05-06 22:20:11,permissions'
'f3055ac2,arinamaros,2023-05-06 21:45:29,headings'
'78bf6514,Shalini,2023-05-06 21:27:12,changed font for footer'
'249a6e44,Shalini,2023-05-06 21:21:27,changed back to normal garamount font and changed footer font'
'3763015f,Shalini,2023-05-06 21:14:33,changed all text to bold'
'a9f7a443,Shalini,2023-05-06 21:10:19,changed the buttons font to garamount'
'1fc64be6,Shalini,2023-05-06 21:07:24,changed all text to garamount font'
'000eb0ee,arinamaros,2023-05-06 20:58:21,css'
'980231f7,arinamaros,2023-05-06 20:51:33,css'
'921d4ee1,arinamaros,2023-05-06 20:46:05,css'
'4c47e0cb,arinamaros,2023-05-06 20:40:31,css'
'f7436af8,arinamaros,2023-05-06 19:37:50,css'
'52225cd0,arinamaros,2023-05-06 19:36:03,css'
'22a0af75,arinamaros,2023-05-06 19:15:35,css'
'5fa5f715,Shalini,2023-05-06 19:09:22,Merge branch 'main' of https://github.com/TUDublinBlanchBusinessIT/final-year-project-part-2-eventdream'
'6232c45f,Shalini,2023-05-06 19:09:11,changed standard menu homepage buttons'
'65f70c7d,arinamaros,2023-05-06 19:04:16,menus'
'ffd71e6b,arinamaros,2023-05-06 19:00:50,Merge branch 'main' of https://github.com/TUDublinBlanchBusinessIT/final-year-project-part-2-eventdream'
'e75dc6c1,arinamaros,2023-05-06 19:00:36,removed photos'
'1d63cd15,Shalini,2023-05-06 19:00:17,changed product homepage buttons'
'91267bcb,Shalini,2023-05-06 18:59:05,changed venue homepage buttons'
'699fa652,arinamaros,2023-05-06 18:34:57,css'
'5df493a1,arinamaros,2023-05-06 18:25:43,css'
'1538f966,arinamaros,2023-05-06 18:13:49,css'
'08bbc0a6,arinamaros,2023-05-06 17:54:37,css'
'643bd189,arinamaros,2023-05-06 17:52:16,css'
'79207ccf,arinamaros,2023-05-06 17:42:52,css'
'c6820605,arinamaros,2023-05-06 17:39:42,css'
'40c6eb78,Shalini,2023-05-06 17:20:25,changed create custom menu button'
'8b3fee14,arinamaros,2023-05-06 17:15:56,css'
'01ded985,Shalini,2023-05-06 17:10:57,changes on eventcheckout buttons'
'c9ac089a,Shalini,2023-05-06 17:06:00,changes on add on custom menu buttons'
'a17c32a6,Shalini,2023-05-06 17:02:18,changes on add ons products menu options and standard menu buttons'
'88cc5d1b,Shalini,2023-05-06 16:59:12,more button changes'
'0c8cb8c3,Shalini,2023-05-06 16:41:27,changes on events buttons'
'e6153f61,Shalini,2023-05-06 16:36:01,Merge branch 'main' of https://github.com/TUDublinBlanchBusinessIT/final-year-project-part-2-eventdream'
'a553c08d,Shalini,2023-05-06 16:35:48,changes on menu options buttons'
'78318041,arinamaros,2023-05-06 16:35:07,Merge branch 'main' of https://github.com/TUDublinBlanchBusinessIT/final-year-project-part-2-eventdream'
'7d669ebf,arinamaros,2023-05-06 16:35:00,css'
'e675836b,Shalini,2023-05-06 16:33:13,changes on custom menu and menu items buttons'
'05190bee,Shalini,2023-05-06 16:27:57,changes on custom menu custshow'
'3aa9e648,Shalini,2023-05-06 16:25:45,changes on custom menu displaygrid buttons'
'e5a108c6,Shalini,2023-05-06 16:20:58,changes on menu items buttons'
'905d004c,Shalini,2023-05-06 16:16:28,changes on venues and products buttons'
'd39b8ad3,arinamaros,2023-05-06 15:41:24,css'
'1081de1e,Shalini,2023-05-06 14:31:45,changes on display standard menu buttons'
'20c0d051,Shalini,2023-05-06 14:09:09,standard menu custshow buttons'
'e2a809f0,Shalini,2023-05-06 14:07:44,changed max width and size'
'5358c7c8,Shalini,2023-05-06 13:43:34,added btn primary button css'
'30bdc8b0,Shalini,2023-05-06 13:42:47,changed button css btn primary 1'
'f502f14c,Shalini,2023-05-06 13:29:05,new button css'
'f61d0cbe,arinamaros,2023-05-06 13:26:55,about us'
'5379fe5d,arinamaros,2023-05-06 13:05:08,solve conflict'
'e43659c2,Shalini,2023-05-06 13:00:38,css made'
'94a544a4,Shalini,2023-05-06 12:59:53,css made'
'3a036abb,arinamaros,2023-05-06 12:52:41,resolved about us'
'dc1306a8,arinamaros,2023-05-06 12:51:12,aboutus'
'16e37eb3,arinamaros,2023-05-06 12:39:21,css'
'3c907492,Shalini,2023-05-06 12:29:53,Merge branch 'main' of https://github.com/TUDublinBlanchBusinessIT/final-year-project-part-2-eventdream'
'5a7780f5,Shalini,2023-05-06 12:29:35,confirmed purple gradient for website background'
'863946f2,arinamaros,2023-05-06 12:27:11,css'
'8bbfe295,arinamaros,2023-05-06 12:00:39,css'
'6b8f7f23,arinamaros,2023-05-06 11:58:15,css'
'be83a915,Your Name,2023-05-06 00:58:39,changed footer'
'4fc88df8,Your Name,2023-05-06 00:56:53,changed css'
'1a46006b,Your Name,2023-05-06 00:05:42,color change footer'
'cf74bed6,Your Name,2023-05-05 23:27:29,changed footer'
'eec894f6,Your Name,2023-05-05 23:03:35,add footer'
'1ceef534,Your Name,2023-05-05 22:55:49,edited body'
'087dcbab,Your Name,2023-05-05 22:27:13,added header'
'c7ca5ed8,Your Name,2023-05-05 22:25:37,css change info'
'c688e58c,Shalini,2023-05-05 21:35:54,changed more'
'c2190ecc,Shalini,2023-05-05 21:31:44,changed layout css'
'238cbc73,Shalini,2023-05-05 21:10:00,changed css for create custom menu'
'dc52ff18,arinamaros,2023-05-05 20:13:40,Merge branch 'main' of https://github.com/TUDublinBlanchBusinessIT/final-year-project-part-2-eventdream'
'e3db5049,arinamaros,2023-05-05 20:13:29,css'
'f70889c0,Shalini,2023-05-05 20:13:24,changed gradient'
'64de2958,Shalini,2023-05-05 20:06:44,changed gradient background'
'63be8fb4,arinamaros,2023-05-05 19:46:03,css'
'5158c413,arinamaros,2023-05-05 19:40:11,Merge branch 'main' of https://github.com/TUDublinBlanchBusinessIT/final-year-project-part-2-eventdream'
'f90b069a,arinamaros,2023-05-05 19:39:45,css'
'a6d2feb8,Shalini,2023-05-05 19:23:35,more'
'36b39cd8,Shalini,2023-05-05 19:17:41,created add to cart button for custom menus'
'dc880964,Shalini,2023-05-05 19:11:37,created the delete button for custom menu'
'5b25c706,Shalini,2023-05-05 18:58:10,created back and update dishes buttons'
'19c3d96a,Shalini,2023-05-05 18:53:34,Merge branch 'main' of https://github.com/TUDublinBlanchBusinessIT/final-year-project-part-2-eventdream'
'54a719f9,Shalini,2023-05-05 18:53:23,made changes to custshow custom menu'
'c9a5eafc,arinamaros,2023-05-05 18:42:08,Merge branch 'main' of https://github.com/TUDublinBlanchBusinessIT/final-year-project-part-2-eventdream'
'726e9a69,arinamaros,2023-05-05 18:41:55,backgroud color'
'1ee3bde7,Shalini,2023-05-05 18:27:43,changed custshow custom menu'
'4f6255b3,Shalini,2023-05-05 17:38:15,changing gradient background'
'e4131a44,Shalini,2023-05-05 16:57:52,made more changes to footer'
'72153225,Shalini,2023-05-05 16:38:20,made changes'
'4500263f,Shalini,2023-05-05 16:37:44,made changes'
'd1cb2dc4,arinamaros,2023-05-05 16:34:07,footer'
'9b8088b3,arinamaros,2023-05-05 16:20:02,css'
'd3e5bc88,Shalini,2023-05-05 16:18:07,Merge branch 'main' of https://github.com/TUDublinBlanchBusinessIT/final-year-project-part-2-eventdream'
'89678303,Shalini,2023-05-05 16:17:51,made background gradient'
'e6fd5519,arinamaros,2023-05-05 15:38:54,Merge branch 'main' of https://github.com/TUDublinBlanchBusinessIT/final-year-project-part-2-eventdream'
'b996598e,arinamaros,2023-05-05 15:38:44,css'
'253a3e0f,Shalini,2023-05-05 15:38:38,fixed errors in footer'
'9bf148f3,Shalini,2023-05-05 15:33:12,fixed the icons and spaces and sizes'
'6d7c26c2,Shalini,2023-05-05 15:32:43,fixed the icons and spaces and sizes'
'238c9a17,arinamaros,2023-05-05 15:25:12,footer'
'ff4ff8ae,arinamaros,2023-05-05 15:21:20,Merge branch 'main' of https://github.com/TUDublinBlanchBusinessIT/final-year-project-part-2-eventdream'
'63313dfa,arinamaros,2023-05-05 15:21:04,css'
'a760b8aa,Shalini,2023-05-05 15:18:45,Merge branch 'main' of https://github.com/TUDublinBlanchBusinessIT/final-year-project-part-2-eventdream'
'50477192,Shalini,2023-05-05 15:18:15,added in footer icons for search email phone location and aligned address'
'bfe3df6d,arinamaros,2023-05-05 15:04:43,css'
'dc13c2b1,arinamaros,2023-05-05 14:37:31,Merge branch 'main' of https://github.com/TUDublinBlanchBusinessIT/final-year-project-part-2-eventdream'
'bb13d68e,arinamaros,2023-05-05 14:37:17,colors'
'c4441d86,Shalini,2023-05-05 14:33:12,changed the location and copyright'
'9a435ade,Shalini,2023-05-05 14:23:12,made footer changes'
'10b00197,Shalini,2023-05-05 13:44:26,made social network icons bigger'
'b942fe6e,Shalini,2023-05-05 13:41:09,created the contact column heading'
'8c32e4f7,Shalini,2023-05-05 13:29:08,removed text decoration or underlines for route links'
'155ee238,Shalini,2023-05-05 13:26:52,added twitter link for icon'
'3df1e6d3,Shalini,2023-05-05 13:26:09,added linkedin link for icon'
'68f9c7d4,Shalini,2023-05-05 13:24:46,added instagram link for icon'
'6ab75cd0,Shalini,2023-05-05 13:24:02,added facebook link for icon'
'7c93df2e,Shalini,2023-05-05 13:23:43,Merge branch 'main' of https://github.com/TUDublinBlanchBusinessIT/final-year-project-part-2-eventdream'
'42aa3aca,Shalini,2023-05-05 13:22:51,added in the routes for footer'
'5cc6791f,arinamaros,2023-05-05 13:15:33,project details'
'5b27c2b0,Shalini,2023-05-05 13:12:28,fixed footer layout'
'4eba388d,Shalini,2023-05-05 13:06:58,changed more footer css'
'c653c3cc,Shalini,2023-05-05 13:02:27,Merge branch 'main' of https://github.com/TUDublinBlanchBusinessIT/final-year-project-part-2-eventdream'
'4754f030,Shalini,2023-05-05 13:02:09,made footer css for bg theme'
'34e9989b,arinamaros,2023-05-05 12:57:05,Merge branch 'main' of https://github.com/TUDublinBlanchBusinessIT/final-year-project-part-2-eventdream'
'1d471434,arinamaros,2023-05-05 12:56:52,checkout'
'7fbb2b91,Shalini,2023-05-05 12:47:30,made classes for heart icon'
'577cd2f4,Shalini,2023-05-05 12:35:59,made adjustments'
'87e640cf,Shalini,2023-05-05 12:17:33,made classes for google playstore in footer'
'65c9a851,Shalini,2023-05-05 12:12:18,made classes for appstore in footer'
'f54d58b0,Shalini,2023-05-05 12:08:29,created container class and subclasses'
'84329e10,Shalini,2023-05-05 12:00:55,added social media icons'
'5a614fb7,Shalini,2023-05-05 11:33:44,created websiteurl class and location class'
'21069e56,Shalini,2023-05-05 11:29:05,created stay connected column heading with list'
'737d18ed,Shalini,2023-05-05 11:24:31,created legal column heading with list'
'f72c7d43,Shalini,2023-05-05 11:21:38,created resources column heading with list'
'cbc04ef3,Shalini,2023-05-05 11:18:38,created highlights column heading with list'
'e5430c46,Shalini,2023-05-05 11:12:30,added footer class'
'2057c7e7,arinamaros,2023-05-05 00:49:53,checkout'
'79f7a518,arinamaros,2023-05-05 00:33:07,desert'
'8fe9a772,Shalini,2023-05-05 00:31:43,made table border darker for custom menu'
'3bc25614,arinamaros,2023-05-05 00:11:09,Merge branch 'main' of https://github.com/TUDublinBlanchBusinessIT/final-year-project-part-2-eventdream'
'e896ece6,arinamaros,2023-05-05 00:10:53,event details'
'415b8643,Shalini,2023-05-05 00:07:09,small change'
'24a1d9f0,Shalini,2023-05-04 23:59:40,removed header section for custom menu'
'c2629f51,Shalini,2023-05-04 23:57:11,added card css for assign menu items page'
'1b07ec45,Shalini,2023-05-04 23:44:55,made css for menuitems custshow'
'91ebfecd,Shalini,2023-05-04 23:43:53,changed the details title for products'
'3f262aee,Shalini,2023-05-04 23:40:11,removed menu item carousel classes'
'42ece21c,Shalini,2023-05-04 23:37:09,added menu item image field'
'9a5d3e64,Shalini,2023-05-04 23:28:17,removed header from menu items'
'319875f6,Shalini,2023-05-04 23:27:45,made back button with icon inside'
'e420356e,Shalini,2023-05-04 23:23:19,changed the menuitem name field'
'2056d548,Shalini,2023-05-04 23:19:51,rearranged fields for menu items'
'15b6955f,Shalini,2023-05-04 23:17:12,added carousel thumbails class for menu items'
'40eddefd,Shalini,2023-05-04 23:16:12,added carousel slides class for menu items'
'd126b0d9,Shalini,2023-05-04 23:13:54,added carousel wrapper for menu items'
'41f85345,arinamaros,2023-05-04 22:32:58,checkout'
'06f65f1d,Shalini,2023-05-04 22:17:40,changes'
'c26a16ed,Shalini,2023-05-04 21:40:57,removed buttons code and styling in standardmenu custshow.blade.php'
'02b208d9,Shalini,2023-05-04 21:39:21,added the cart button and changed size of cart icon inside it'
'0ef755ae,Shalini,2023-05-04 21:32:41,added the rate button and changed size of star icon inside it'
'38488ec8,Shalini,2023-05-04 21:27:13,added the back button and changed size of arrow icon inside it'
'9339c4c5,Shalini,2023-05-04 20:48:00,removed main heading for standard menu'
'3e1a7851,Shalini,2023-05-04 20:40:17,made more space between image and menu item name and also made menu item name and price on different lines'
'0876e72e,Shalini,2023-05-04 20:35:12,removed old standard menu carousel'
'4f03e799,Shalini,2023-05-04 20:34:20,added css'
'4af92278,Shalini,2023-05-04 20:33:42,removed old standard menu fields'
'13ad39d1,Shalini,2023-05-04 20:33:15,fixed up divs'
'386d4c98,Shalini,2023-05-04 20:32:16,added standard menu details class with all fields'
'313e005a,Shalini,2023-05-04 20:31:08,added carousel thumbnail class'
'd5433e3a,Shalini,2023-05-04 20:30:31,added carousel slides class'
'9dd6123b,Shalini,2023-05-04 20:29:45,added carousel wrapper'
'bd7d294b,Shalini,2023-05-04 20:28:08,removed menu items table field'
'39e0ee87,arinamaros,2023-05-04 18:17:26,event name'
'36379809,arinamaros,2023-05-04 17:03:57,product details css'
'1ca010da,arinamaros,2023-05-04 16:39:51,fixed venue ratings'
'76c5bc20,arinamaros,2023-05-04 16:28:37,map icons'
'802baed3,arinamaros,2023-05-04 16:09:57,venues custshow'
'95e4b683,arinamaros,2023-05-04 13:19:48,login pages'
'3ef17113,arinamaros,2023-05-03 22:12:11,login page'
'21a0c8b6,arinamaros,2023-05-03 22:03:27,login css'
'e7118501,arinamaros,2023-05-03 20:27:50,added file back'
'dbf14676,arinamaros,2023-05-03 20:26:13,Remove unused views'
'd18adcc2,arinamaros,2023-05-03 20:13:08,homepage'
'47cc322a,arinamaros,2023-05-02 23:06:20,navbar collapse menu'
'67ab42c5,arinamaros,2023-05-02 21:14:00,menus going into order'
'37b60fae,arinamaros,2023-05-02 19:50:04,project fixes'
'736bf9e8,arinamaros,2023-04-28 01:28:34,shop'
'f9d31e28,arinamaros,2023-04-28 01:11:16,checkout'
'6d1abc00,arinamaros,2023-04-28 01:07:39,checkout'
'7fc122b1,Shalini,2023-04-28 00:42:58,made changes'
'2c73fa04,Shalini,2023-04-28 00:22:57,changed width'
'c2ca754b,Shalini,2023-04-28 00:15:21,made projectcreated page work'
'795fbfd9,Shalini,2023-04-28 00:08:12,fixed button and card alignment'
'178c859f,Shalini,2023-04-28 00:04:58,edited more custshow for projects'
'd02cfb4d,Shalini,2023-04-27 23:54:07,added buttons for custshow projects'
'9c4656a2,Shalini,2023-04-27 23:41:01,Merge branch 'main' of https://github.com/TUDublinBlanchBusinessIT/final-year-project-part-2-eventdream'
'ae3bdd7e,Shalini,2023-04-27 23:40:42,edited custshow for projects'
'100a1c67,arinamaros,2023-04-27 23:38:38,event product details'
'af5b59d9,arinamaros,2023-04-27 23:12:08,checkout fixes'
'8f05e91c,Shalini,2023-04-27 22:56:28,added project created route'
'dae96342,arinamaros,2023-04-27 22:56:08,product log'
'0c3e3813,arinamaros,2023-04-27 22:31:36,Merge branch 'main' of https://github.com/TUDublinBlanchBusinessIT/final-year-project-part-2-eventdream'
'6d026459,arinamaros,2023-04-27 22:30:24,checkout'
'e63c89c4,Shalini,2023-04-27 17:06:58,aligned buttons beside each other in custommenu custshow'
'214a81aa,Shalini,2023-04-27 16:53:00,centred card and heading for custommenu custshow'
'44c621de,arinamaros,2023-04-27 15:42:32,added project route to admin menu'
'90605b5d,arinamaros,2023-04-27 15:40:36,fixed web.php layout'
'614e306e,Shalini,2023-04-27 15:25:23,made more changes for view projects'
'a50a90a2,Shalini,2023-04-27 15:11:24,changed profilemenu.blade.php'
'1c914288,Shalini,2023-04-27 15:10:14,made custshow route for project'
'e3b1e9cb,Shalini,2023-04-27 15:08:47,made custshow function in projectController'
'a3ec761c,Shalini,2023-04-27 15:06:44,made custshow_fields.blade.php for project'
'53df7219,Shalini,2023-04-27 15:05:59,made custtable.blade.php for project'
'9b5e083a,Shalini,2023-04-27 15:02:49,made custindex.blade.php for project'
'8311ee04,Shalini,2023-04-27 15:01:51,made custshow.blade.php for project'
'746fd3c6,Shalini,2023-04-27 15:00:27,made createproject route in web.php'
'796771e5,Shalini,2023-04-27 14:57:37,made projects.createproject function in checkout.blade.php'
'810aff3a,Shalini,2023-04-27 14:54:07,made createproject function in eventController'
'2200076c,arinamaros,2023-04-25 23:16:56,lowercasing'
'41fb6bf2,arinamaros,2023-04-25 23:10:16,login buttons'
'8a700de1,arinamaros,2023-04-25 23:00:49,auth links'
'ac9fe55e,arinamaros,2023-04-25 22:32:05,url fixes'
'e384055f,arinamaros,2023-04-25 21:48:54,event orders'
'0f9043ae,arinamaros,2023-04-25 14:33:23,payment page'
'45e6f6f6,arinamaros,2023-04-23 23:43:42,css test'
'e84261c8,arinamaros,2023-04-23 23:34:07,testing css file changes'
'b68e440a,arinamaros,2023-04-21 23:45:20,css'
'1a87b5a8,arinamaros,2023-04-21 22:58:46,css'
'94c1d98b,arinamaros,2023-04-21 22:39:18,layout fixes'
'eabd817b,arinamaros,2023-04-21 22:28:08,calendar fixes'
'5d147482,Shalini,2023-04-21 22:14:48,fixed image card css for venues'
'f1fd7b31,Shalini,2023-04-21 21:54:27,Merge branch 'main' of https://github.com/TUDublinBlanchBusinessIT/final-year-project-part-2-eventdream'
'26ddfb06,Shalini,2023-04-21 21:54:13,changed css for venue displaygrid'
'75af4ab4,arinamaros,2023-04-21 21:48:46,checkout'
'7a36abaa,arinamaros,2023-04-21 21:13:43,carousel fix'
'80cfa503,arinamaros,2023-04-21 20:35:57,map layout fix'
'58ac54ee,arinamaros,2023-04-21 18:51:08,route fixes'
'a52b1ee5,arinamaros,2023-04-21 18:37:01,stripe'
'15bd6dd9,arinamaros,2023-04-21 14:59:59,test3'
'e9d3ec34,arinamaros,2023-04-21 14:57:53,test2'
'3be62284,arinamaros,2023-04-21 14:54:36,test'
'29145a9c,arinamaros,2023-04-21 14:40:30,css'
'618c5d9f,arinamaros,2023-04-21 14:17:40,margins'
'f9fe4a1e,arinamaros,2023-04-21 13:56:59,layout'
'00d83144,arinamaros,2023-04-21 13:26:55,button colors'
'239c70b0,arinamaros,2023-04-21 13:19:11,centered layout'
'783ff866,arinamaros,2023-04-21 12:52:15,images'
'b3d19f7d,arinamaros,2023-04-21 12:28:39,layout'
'cd0b4d6c,arinamaros,2023-04-21 12:24:12,product and venue filtera'
'b893499d,arinamaros,2023-04-21 12:12:59,products again'
'38c88ffe,arinamaros,2023-04-21 12:05:31,products'
'0355f37a,arinamaros,2023-04-21 11:42:11,images'
'c82952ce,arinamaros,2023-04-21 11:17:50,products page'
'33cf1df9,arinamaros,2023-04-20 23:25:19,login'
'be72156c,arinamaros,2023-04-20 22:56:07,test'
'16a1a023,Shalini,2023-04-20 22:20:52,Merge branch 'main' of https://github.com/TUDublinBlanchBusinessIT/final-year-project-part-2-eventdream'
'48be65bd,Shalini,2023-04-20 22:20:11,attempted moving buttons into place'
'4a304f2e,arinamaros,2023-04-20 22:14:45,fixes'
'5b35da64,arinamaros,2023-04-20 22:12:11,model fixes'
'64be5b20,arinamaros,2023-04-20 22:02:16,model fixes'
'5fcc1335,arinamaros,2023-04-20 21:54:18,calendar fixes'
'2a19f76d,Shalini,2023-04-20 20:25:27,tried fixing blac checkboxes for updating dishes'
'e9f5c367,arinamaros,2023-04-20 01:27:09,events and calendar'
'8b5e1d72,arinamaros,2023-04-17 22:36:41,model and controller changes'
'f03362d3,arinamaros,2023-04-17 10:25:00,customer model fix'
'5e2f329b,arinamaros,2023-04-05 15:11:27,footer'
'2efb817a,arinamaros,2023-04-04 15:50:43,icon fixes'
'db9b3328,arinamaros,2023-04-04 15:41:19,all icons'
'dfc31e0b,arinamaros,2023-04-04 15:27:09,safari and chrome icons'
'a91af251,arinamaros,2023-04-04 14:37:05,safari icon fix'
'4cc838b2,arinamaros,2023-04-04 14:34:36,safari icon'
'4db76715,arinamaros,2023-04-04 14:06:47,customers again'
'2ba3b1f6,arinamaros,2023-04-04 14:04:00,customers'
'2a4f8b0f,arinamaros,2023-04-04 14:01:12,customer'
'66e6e233,arinamaros,2023-04-04 13:42:41,customer'
'6ef07b45,arinamaros,2023-04-03 22:52:43,menuitems'
'0dfce803,arinamaros,2023-04-03 22:50:25,std menu'
'cb832ab9,arinamaros,2023-04-03 22:49:14,menus'
'7332e60d,arinamaros,2023-04-03 22:45:07,venues'
'745e400a,arinamaros,2023-04-03 22:40:28,menus'
'07622682,arinamaros,2023-04-03 22:37:45,checkout'
'7ead6204,arinamaros,2023-04-03 22:33:23,menus'
'3cb58b66,arinamaros,2023-04-03 22:24:01,venueController'
'56dc59b9,arinamaros,2023-04-03 22:17:38,calendar'
'c5ac7139,arinamaros,2023-04-03 22:10:46,venue controller'
'52d4c90f,arinamaros,2023-04-03 22:04:59,venueimages'
'2c24f724,arinamaros,2023-04-03 20:41:19,homepage controller again'
'02fd6a0d,arinamaros,2023-04-03 20:38:25,homepage controller again'
'd65e2522,arinamaros,2023-04-03 20:36:49,homepage controller'
'7cf0e799,arinamaros,2023-04-03 20:34:58,homepage change'
'c179c30c,arinamaros,2023-04-03 20:23:42,git ignore changes'
'1872d71a,arinamaros,2023-04-03 19:35:18,homepage'
'9a59d059,arinamaros,2023-04-03 19:32:34,homepage venueimages'
'7b4378d1,arinamaros,2023-04-03 18:39:50,removed auth:: user from homepage'
'fa09a1ff,arinamaros,2023-04-03 18:14:59,custom menus login change'
'e8bce0e5,arinamaros,2023-04-03 17:49:31,Merge branch 'main' of https://github.com/TUDublinBlanchBusinessIT/final-year-project-part-2-eventdream'
'd69286ab,arinamaros,2023-04-03 17:49:15,test'
'5bedc881,Shalini,2023-04-03 15:47:52,made standardmenu name show and hidden customer and standardmenu ids'
'e1fdfbe2,Shalini,2023-04-03 15:09:50,attempted to make standardmenu name show instead of id'
'69d76322,Shalini,2023-04-03 14:38:31,custom menu and all logs successfully delete by clicking on button along with pop-up confirmation message showing up'
'e86c32da,Shalini,2023-04-03 14:20:37,created checkboxes for starter course when updating custom menu but issue remains unresolved'
'd3d93eda,arinamaros,2023-04-02 22:07:54,favicon'
'3a5eeed8,arinamaros,2023-04-02 22:03:08,Merge branch 'main' of https://github.com/TUDublinBlanchBusinessIT/final-year-project-part-2-eventdream'
'1f1b8071,arinamaros,2023-04-02 22:02:55,upgraded ratings'
'a6da161d,Shalini,2023-04-02 20:38:45,made checkboxes css work for menu items'
'ee441320,Shalini,2023-04-02 18:54:56,created checkbox animation for menu items but issue remaims'
'f67780b7,Shalini,2023-04-02 16:11:32,added cart and checkout in custom menu custshow and ticks icons beside menu items'
'9fd91fbf,arinamaros,2023-04-02 13:21:14,added favicon to tabs'
'a1264d62,arinamaros,2023-04-01 21:21:33,test6'
'90041eff,arinamaros,2023-04-01 21:18:59,test5'
'2838e8f4,arinamaros,2023-04-01 21:10:38,test4'
'924cc9df,arinamaros,2023-04-01 21:03:06,test3'
'a7a5c64a,arinamaros,2023-04-01 20:59:53,test2'
'd8522f96,arinamaros,2023-04-01 20:57:47,test'
'f4341d80,arinamaros,2023-03-31 10:59:24,custom menu details page'
'fd38ceea,arinamaros,2023-03-31 10:17:24,bugs'
'ee89c57d,arinamaros,2023-03-31 06:18:00,booking fixes'
'bc292007,arinamaros,2023-03-31 05:50:32,order page additions'
'8af30983,arinamaros,2023-03-31 05:42:48,menu fixes'
'18a885d9,arinamaros,2023-03-31 02:55:19,css for home and profile'
'2b085d6b,Shalini,2023-03-31 02:12:57,created css for custshow and create custom menu forms'
'ac0ea2b6,arinamaros,2023-03-30 19:39:04,view events'
'08a6189d,Shalini,2023-03-30 19:24:47,created the back button and more info button'
'e19c7d8e,arinamaros,2023-03-30 16:33:26,profile menu edit and show'
'34f52547,arinamaros,2023-03-30 16:18:15,user account'
'38284b2e,arinamaros,2023-03-30 15:16:14,profile functionality'
'65a5f608,Shalini,2023-03-30 14:44:34,redirected page to custom menu displaygrid instead of index, and added icons for standard menu displaygrid'
'08ecea3e,Shalini,2023-03-30 14:28:26,minor changes'
'56729800,Shalini,2023-03-30 14:08:32,changed css of menu items displaygrid'
'adffe0a2,Shalini,2023-03-30 12:59:20,added shopping cart, chef hat, and info icons'
'f26fb375,Shalini,2023-03-30 12:47:41,experimenting with buttons and made changes'
'453cbb1d,arinamaros,2023-03-29 16:31:01,cust menus'
'1d03d249,arinamaros,2023-03-29 16:14:19,displaygrid changes'
'd21f164b,arinamaros,2023-03-29 16:07:49,fixes'
'32c71cbd,arinamaros,2023-03-29 15:39:41,icons'
'd5f6864c,arinamaros,2023-03-29 15:30:45,displaygrid fixes'
'6648d58a,arinamaros,2023-03-29 15:05:30,displaygrid changes'
'09028655,arinamaros,2023-03-29 13:31:10,test 3'
'5769204a,arinamaros,2023-03-29 13:05:24,test 2'
'7c0a9164,arinamaros,2023-03-29 12:50:33,test'
'afb18b1a,arinamaros,2023-03-29 12:47:52,retrying ignorecase'
'ad1a2519,arinamaros,2023-03-29 12:44:24,model lowercasing'
'4eb69bb6,Shalini,2023-03-29 12:16:24,changing css card variables and fixing layout and removing html tags'
'ad77f221,arinamaros,2023-03-29 11:59:53,fixed star rating css pulling twice'
'ef66f986,arinamaros,2023-03-29 11:34:02,Merge branch 'main' of https://github.com/TUDublinBlanchBusinessIT/final-year-project-part-2-eventdream'
'572e8176,arinamaros,2023-03-29 11:33:43,case sensitivity fixes'
'dda802e8,Shalini,2023-03-29 01:28:25,created css cards for custom menus displaygrid'
'2ff0d1bf,Shalini,2023-03-29 00:46:55,changed css for standard menu cards in eventdream.css file'
'b0f8f0e4,Shalini,2023-03-29 00:21:06,ensured the content inside card showed up in new css cards'
'b9f5ecb9,Shalini,2023-03-28 23:58:37,adding button feature for standard menus'
'631fdd0e,Shalini,2023-03-28 23:49:35,testing buttons on standard menu displaygrid'
'13ce36dc,arinamaros,2023-03-28 20:04:45,db fixes'
'712b8ab0,arinamaros,2023-03-28 17:41:59,merge fix'
'21c493d6,arinamaros,2023-03-28 17:25:21,test'
'4d9a6d05,Your Name,2023-03-28 16:02:31,venue.displaygrid'
'c20e383c,Your Name,2023-03-28 15:59:14,venue.displaygrid'
'a36d5da9,arinamaros,2023-03-28 15:15:55,filter'
'af84e7b1,arinamaros,2023-03-28 13:41:05,filters'
'75e3e698,Your Name,2023-03-28 13:16:12,fixed route'
'5deb99e0,Your Name,2023-03-28 13:10:03,fixed route'
'ef2c2d1a,arinamaros,2023-03-27 19:12:01,form fixes'
'4c53cef4,Your Name,2023-03-26 16:34:18,added icons'
'da5fec7b,Your Name,2023-03-26 16:21:35,add icon'
'ec646520,Your Name,2023-03-26 15:31:55,Merge branch 'main' of https://github.com/TUDublinBlanchBusinessIT/final-year-project-part-2-eventdream'
'72ca09a8,Your Name,2023-03-26 15:30:21,changed date format'
'ea4ab464,arinamaros,2023-03-24 22:04:05,font awesome icons'
'c51af082,arinamaros,2023-03-24 21:35:53,indentation fixes'
'd3c0a77b,arinamaros,2023-03-24 21:30:14,admin menu change'
'b6df4f6c,arinamaros,2023-03-24 21:26:34,navAuth changes'
'4847c8ab,arinamaros,2023-03-24 21:17:45,homepage scroll fix'
'e437d437,arinamaros,2023-03-24 21:13:59,navbar backdrop filter'
'31b9fb78,arinamaros,2023-03-24 20:51:35,navbar changes'
'73fc5cb6,arinamaros,2023-03-24 20:03:59,navbar css'
'903241f3,arinamaros,2023-03-24 19:49:40,switch to bootstrap 5'
'bab52eb0,Shalini,2023-03-24 15:57:49,editing custom menu works but need to change from tables to displaygrid instead'
'122c1e62,Shalini,2023-03-24 15:36:07,added menu items and shopping cart function in custom menu controller and relevant routes in web.php'
'8c22bc50,Shalini,2023-03-24 15:09:28,added code in custommenu custommenulog and menuitem model files'
'163a29eb,Shalini,2023-03-24 14:04:44,added images and other small changes to cards'
'cb195e6c,Shalini,2023-03-24 13:28:40,made the route buttons inside menu cards for standard, menu items, and custom'
'dd9c21e5,Shalini,2023-03-24 13:01:43,created hovering image cards in menu options page for standard custom and menu items'
'334c47fd,arinamaros,2023-03-23 21:41:38,route fixes'
'e7f22a10,Your Name,2023-03-23 19:43:03,fixed venue.filter route'
'3b3574c5,Your Name,2023-03-23 19:23:55,added route'
'4142a0c4,arinamaros,2023-03-23 11:22:54,route fix'
'4aca0899,arinamaros,2023-03-23 11:15:10,menu fixes'
'8bacbed4,arinamaros,2023-03-23 10:27:04,displaygrid fixes'
'c9ee71e2,arinamaros,2023-03-23 10:11:34,calendar fixes'
'3ba9fa6e,Your Name,2023-03-22 23:58:40,min max venues'
'b5fd23c5,Your Name,2023-03-22 23:32:53,min-max'
'0a2f5bfa,arinamaros,2023-03-22 18:20:45,flash alert colors'
'14800bd1,arinamaros,2023-03-22 18:15:37,bug fixes'
'a8ea9669,arinamaros,2023-03-22 17:26:23,menus'
'b60d40b7,Shalini,2023-03-22 14:43:48,unable to make the redirection to custom menu create page with description filled'
'c18acb9d,Shalini,2023-03-22 13:06:09,made menu item names show in description field of the custom menu'
'f4c937d7,Shalini,2023-03-22 12:52:51,made menu item IDs show in description field of the custom menu'
'2fa00dbc,Shalini,2023-03-22 11:52:31,made menu item IDs show in custom menu and log in database table - it picked up on it'
'c505a00d,Shalini,2023-03-22 00:20:23,Merge branch 'main' of https://github.com/TUDublinBlanchBusinessIT/final-year-project-part-2-eventdream'
'bc08a1f7,Shalini,2023-03-22 00:19:58,created custshow.blade and custshow_fields.blade files for custom menu - pending issue'
'11ae1010,Your Name,2023-03-22 00:11:10,Merge branch 'main' of https://github.com/TUDublinBlanchBusinessIT/final-year-project-part-2-eventdream'
'cf68994b,Your Name,2023-03-22 00:10:51,filter'
'c559cc4f,Shalini,2023-03-22 00:08:42,created displaygrid.blade file, displaygrid function in controller, displaygrid and custshow routes in web.php for custommenus'
'73bfc286,Your Name,2023-03-21 23:58:55,Merge branch 'main' of https://github.com/TUDublinBlanchBusinessIT/final-year-project-part-2-eventdream'
'5b2dc82c,Your Name,2023-03-21 23:57:54,add filter button'
'64307783,Shalini,2023-03-21 23:54:08,created menu options page with the three buttons'
'8d18d416,Shalini,2023-03-21 18:25:35,trying to fix bootstrap and css and make create custom menu button functional and show output of checkboxes'
'fd1a8417,Shalini,2023-03-21 15:34:07,added menuitem routes and edited create.blade'
'06004905,Shalini,2023-03-21 13:56:43,created checkboxes beside Details buttons and Add Menu Items to Custom Menu button at bottom right of menuitems displaygrid page that opens create custom menu page'
'1b0f1463,arinamaros,2023-03-21 13:06:56,bug fixes'
'2a0b1d61,Shalini,2023-03-21 12:56:56,created custshow.blade and custshow_fields.blade files for menuitems - need to fix error'
'e88cbcd5,Shalini,2023-03-21 12:17:43,created displaygrid.blade file, displaygrid function in controller, displaygrid route and custshow routes in web.php for menuitems'
'd67473f8,arinamaros,2023-03-21 00:36:57,fixed home page directories'
'40bdcb9c,Your Name,2023-03-20 23:46:34,Merge branch 'main' of https://github.com/TUDublinBlanchBusinessIT/final-year-project-part-2-eventdream'
'dac506b5,Your Name,2023-03-20 23:45:55,edited css'
'f6c85f98,arinamaros,2023-03-20 23:20:24,added home page links'
'a5c77605,arinamaros,2023-03-20 20:56:56,product image upload fixes'
'c1770ed9,arinamaros,2023-03-20 19:18:22,fixed home page layout'
'6ac82f3e,arinamaros,2023-03-20 18:10:53,added links to images'
'd9cec8e5,arinamaros,2023-03-20 18:03:42,Merge branch 'main' of https://github.com/TUDublinBlanchBusinessIT/final-year-project-part-2-eventdream'
'f0a72e4d,arinamaros,2023-03-20 17:59:10,added homepage scroll bars'
'ebc17897,Your Name,2023-03-20 17:18:56,edited modal'
'ba3fe055,arinamaros,2023-03-20 14:17:18,fixed menu ratings display'
'0ed217ee,arinamaros,2023-03-20 14:13:48,fixed venue ratings display'
'f7cbdc66,arinamaros,2023-03-10 00:41:31,bug fix'
'597279d3,arinamaros,2023-03-10 00:32:45,navbar fixes'
'c6643e3f,arinamaros,2023-03-10 00:22:20,fixed menu custshow page added menuitems'
'244f1c3d,arinamaros,2023-03-09 23:31:50,fixed assign menu items'
'6ddd5e71,arinamaros,2023-03-09 23:01:02,menu item images'
'5ed60dce,arinamaros,2023-03-09 22:00:32,added new photos'
'14af1d0e,arinamaros,2023-03-09 21:46:46,fixed menu controller'
'c986077d,arinamaros,2023-03-09 16:51:02,modal header'
'a5f744be,arinamaros,2023-03-09 16:39:56,added menu search'
'b87665d4,arinamaros,2023-03-09 16:35:18,products and venue search working'
'd052ee77,arinamaros,2023-03-09 00:15:20,added function to return to custshow page after rating'
'e5416d14,Shalini,2023-03-08 20:53:30,changed message pop-up for user's location'
'8b311cfc,Shalini,2023-03-08 20:51:40,changed sizes and images of both markers to look neat on map'
'2b8e5d83,Shalini,2023-03-08 20:50:55,marker for specific venue to show only along with user's current location in details'
'171b60f7,Shalini,2023-03-08 20:47:51,red marker to show user's current live location'
'd14b787a,arinamaros,2023-03-08 16:57:02,Menu Custshow ratings'
'7adf2634,arinamaros,2023-03-08 16:46:11,Merge branch 'main' of https://github.com/TUDublinBlanchBusinessIT/final-year-project-part-2-eventdream'
'630743e5,arinamaros,2023-03-08 16:45:39,Fixed edit menunitems'
'4868de53,arinamaros,2023-03-08 16:38:51,Fixed edit menu items'
'e5fc0252,Your Name,2023-03-08 16:36:32,fixed search venuename'
'e88f560c,Your Name,2023-03-08 14:50:47,returned venues'
'6bc18143,Your Name,2023-03-07 22:58:41,added faq'
'9902ede0,Your Name,2023-03-07 20:58:17,edited css aboutus'
'f003a87c,Shalini,2023-03-06 13:38:29,attempted to create assign menuitems to standardmenu'
'3e067d12,arinamaros,2023-03-05 17:29:42,menu fixes'
'e5ef6af8,arinamaros,2023-03-05 17:20:41,fixed navbar and css'
'222b0411,Shalini,2023-03-05 15:24:28,made average ratings show on standardmenus displaygrid'
'd4aa8141,Shalini,2023-03-05 15:09:50,drilled down on average rating standardmenus'
'00bcfd23,Shalini,2023-03-05 15:02:57,view average of all standardmenu ratings submitted'
'9768cbbe,Shalini,2023-03-05 14:54:19,can select standardmenu to rate, added star rating component, changed view using css'
'ab178046,Shalini,2023-03-05 14:26:43,put foreign key in the flow standardmenu ratings'
'90d0fa13,Shalini,2023-03-05 14:11:51,generate bread for standardmenu star ratings'
'93029d3d,Shalini,2023-03-05 13:33:52,made carousel show up in custshow standardmenu'
'187526e1,Your Name,2023-03-04 23:41:00,added to display.blade'
'5f26b5c6,Your Name,2023-03-04 23:33:10,edited css'
'dccdc368,Your Name,2023-03-04 23:23:14,added css'
'cee95723,Your Name,2023-03-04 23:22:07,Merge branch 'main' of https://github.com/TUDublinBlanchBusinessIT/final-year-project-part-2-eventdream'
'407d0c12,Your Name,2023-03-04 23:21:33,added search bar'
'28debf15,Shalini,2023-03-04 22:26:15,fixed carousel errors'
'5031ab7c,Shalini,2023-03-04 21:32:22,display collection of images for an entity in carousel for standardmenu'
'6f8da004,Shalini,2023-03-04 21:18:35,code for uploading standardmenu images and saving to database'
'1e62c11b,Shalini,2023-03-04 20:26:18,created and scaffolded standardmenuimages table and multiple images can be uploaded'
'2a8c5156,arinamaros,2023-03-04 15:34:55,bug fixes'
'c25dda71,Shalini,2023-03-04 14:37:39,edited show and custshow functions in standardmenu controller'
'89cd3c09,Shalini,2023-03-04 13:37:21,fixed custshow.blade error and added custshow_fields.blade for standardmenus'
'fe8e715b,Shalini,2023-03-04 13:28:45,added custshow.blade for standardmenus'
'b899af7b,Shalini,2023-03-03 22:36:09,added menus in navbar for app.blade file and all custshow.blade and displaygrid.blade files'
'ef6b046f,Shalini,2023-03-03 22:06:41,added displaygrid additem emptycart and custshow functions in standardmenu controller'
'e73420eb,Shalini,2023-03-03 22:00:17,added show edit and update functions in standardmenu controller'
'2489df80,Shalini,2023-03-03 21:47:51,corrected code in displaygrid for standardmenus'
'18bcc2e3,Shalini,2023-03-03 13:27:12,fixed error by adding endforeach'
'ab1c9c96,Shalini,2023-03-03 13:24:00,Merge branch 'main' of https://github.com/TUDublinBlanchBusinessIT/final-year-project-part-2-eventdream'
'35e3554d,Shalini,2023-03-03 13:23:05,added routes for standardmenu functions and fixed some errors'
'df7336cc,Your Name,2023-03-03 12:25:18,removed id fields'
'e341c2c9,Your Name,2023-03-03 11:53:33,Merge branch 'main' of https://github.com/TUDublinBlanchBusinessIT/final-year-project-part-2-eventdream'
'2d30fdf6,Your Name,2023-03-03 11:52:54,edited modalbooking'
'71459254,Shalini,2023-03-02 17:19:14,did not save file'
'44d5f83a,Shalini,2023-03-02 17:18:23,edited show function and added displaygrid additem emptycart and custshow functions'
'b5fc4fd0,Shalini,2023-03-02 16:21:34,added javascript for adding standard menu to cart and empty cart'
'28ebf5e9,Shalini,2023-03-02 16:18:28,code for standard menu panel'
'691b7508,Shalini,2023-03-02 16:11:32,added navbar routes for standard menus displaygrid'
'7b733f6b,Shalini,2023-03-01 23:45:14,added routes in web.php'
'05f0496a,Shalini,2023-03-01 23:32:50,scaffolded custommenulog'
'799c130a,Shalini,2023-03-01 23:32:03,scaffolded custommenu'
'0594853f,Shalini,2023-03-01 23:30:56,scaffolded standardmenu and standardmenulog'
'de7944a6,Shalini,2023-03-01 23:28:26,scaffolded menuitem'
'b78626c6,Your Name,2023-03-01 16:54:26,added venueid'
'baaeda6e,Your Name,2023-03-01 16:49:04,added dateclick function'
'3cafc0f3,arinamaros,2023-02-28 17:40:12,finished venue shopping and details pages with calendar and map info'
'4e48226f,arinamaros,2023-02-28 13:26:09,made all bookings show up'
'e11a2cc4,Your Name,2023-02-28 12:00:12,calendar display'
'0b54e819,Your Name,2023-02-28 11:24:00,added venuevents'
'664a3373,Your Name,2023-02-28 10:36:43,fixed json'
'542883f7,arinamaros,2023-02-27 22:54:52,added venue images'
'ec4fe943,arinamaros,2023-02-27 18:28:33,css'
'4ce16d5b,arinamaros,2023-02-27 18:13:12,added carousel photos'
'973c153c,arinamaros,2023-02-27 16:46:10,added venue shopping'
'c1e7dbdd,arinamaros,2023-02-25 13:39:20,bug fixes'
'f04ecfab,arinamaros,2023-02-23 22:24:00,Merge branch 'main' of https://github.com/TUDublinBlanchBusinessIT/final-year-project-part-2-eventdream'
'e3c7294e,arinamaros,2023-02-23 22:22:11,changed routes'
'2930cd64,Your Name,2023-02-23 21:58:53,Merge branch 'main' of https://github.com/TUDublinBlanchBusinessIT/final-year-project-part-2-eventdream'
'6448cbe4,Your Name,2023-02-23 21:57:59,edited about us'
'542f2b6b,arinamaros,2023-02-23 21:01:48,added cart functionality to product pages'
'a6ba0c6d,Your Name,2023-02-23 17:33:20,fixed calender.js'
'b527d7f1,Your Name,2023-02-22 12:59:10,fixed bookings'
'72d3d92d,Your Name,2023-02-21 16:45:31,added dropdown'
'08a99a91,Your Name,2023-02-21 16:29:26,concated variables'
'5c3b528e,arinamaros,2023-02-19 18:40:22,added pricing to products and checkout'
'1677da79,arinamaros,2023-02-19 15:57:33,bug fix'
'02879a8e,arinamaros,2023-02-19 15:39:08,added product details link'
'ae291da6,arinamaros,2023-02-18 19:00:52,fixed website pages and layout and css'
'e712e4bc,Shalini,2023-02-18 16:06:29,adding interactive maps to laravel applications with leaflet js - step 4 - add a new location or marker'
'4b897676,Shalini,2023-02-18 15:03:03,adding interactive maps to laravel applications with leaflet js - step 3 - add markers to the map based on json'
'f784fece,Shalini,2023-02-18 14:44:41,adding interactive maps to laravel applications with leaflet js - step 2 - install leaflet with laravel mix'
'a80cf275,Shalini,2023-02-18 13:53:08,adding interactive maps to laravel applications with leaflet js - step 1 - get json data'
'2c0ea518,Shalini,2023-02-18 13:51:10,adding interactive maps to laravel applications with leaflet js - step 1 - get json data'
'580707f6,Shalini,2023-02-18 13:49:11,adding interactive maps to laravel applications with leaflet js - step 1 - get json data'
'a61c9a3f,Your Name,2023-02-18 01:22:09,created indexblade'
'802aceae,Your Name,2023-02-18 01:16:49,fixed error'
'9399a8b5,Your Name,2023-02-18 01:07:12,added route'
'6615f23a,arinamaros,2023-02-17 21:26:32,added update product image functionality'
'c92f43f2,arinamaros,2023-02-17 21:04:45,added product image editing functionality & improved usability'
'd0c4bf5b,arinamaros,2023-02-16 00:28:35,fixed more css'
'3bc02c0c,Shalini,2023-02-15 22:33:10,fixed products error in admin menu'
'92b5bac0,arinamaros,2023-02-15 20:21:25,added css in correct file'
'e4f86503,Shalini,2023-02-15 19:53:08,fixed small mistake in web.php route'
'9b49a7bc,Shalini,2023-02-15 19:49:08,adding star rating system for venue - step 7 - drilling down on average rating and tried to make feature appear but failed'
'e776055e,Shalini,2023-02-15 19:04:34,adding star rating system for venue - step 6 - view average of all ratings submitted'
'ea5271dd,arinamaros,2023-02-15 17:56:10,bug fixes'
'587a3884,Your Name,2023-02-15 13:24:58,fixed modal error'
'2f205eed,arinamaros,2023-02-15 12:37:55,fixed ratings and css'
'833b51bd,Shalini,2023-02-14 19:39:48,fixed buttons issue'
'36d8c72c,arinamaros,2023-02-14 11:54:29,bootstrap changes'
'302f0026,arinamaros,2023-02-13 20:22:23,bug fixes'
'7053cf54,Shalini,2023-02-13 19:31:39,fixed bootstrap error'
'4021432d,Shalini,2023-02-11 22:33:51,adding star rating for venue - step 4 - add star rating component'
'6dd91184,Shalini,2023-02-11 21:36:38,adding star rating for venue - step 3 - select which venue to rate'
'e4ab8319,arinamaros,2023-02-10 23:03:21,solved rate venue view to show up properly'
'd83c8d29,arinamaros,2023-02-10 01:14:05,fixed rating error & added navbar elements'
'6b447b1f,Shalini,2023-02-09 23:58:21,adding star rating system for venue - step 1 - putting foreign key in flow - need to fix error'
'8814be56,Shalini,2023-02-09 23:22:51,adding star rating system for venue - step 1 - generate bread'
'ef4ccbba,Your Name,2023-02-09 20:41:37,fixed variables'
'e79e6dc8,Your Name,2023-02-09 18:19:21,changed modalformheadings'
'7cb57909,Your Name,2023-02-09 17:53:04,created modalbooking.blade'
'68cb4758,Your Name,2023-02-08 23:24:14,scafold tables'
'4a633f9e,arinamaros,2023-02-08 21:13:12,added profile and employee menus'
'b7b4f9c0,Shalini,2023-02-08 20:41:47,roles and permissions step 6 - using roles to control what the user sees on login'
'fe4fc677,Shalini,2023-02-08 20:29:10,roles and permissions step 5 - enforce the permissions'
'38d8ef5f,Shalini,2023-02-08 18:49:54,roles and permissions step 4 - integrate assignRoles and assignPermissions into the UI'
'c770541d,Shalini,2023-02-08 18:41:55,roles and permissions step 3 - assign multiple permissions to a role'
'fea22c3d,Shalini,2023-02-08 18:25:34,roles and permissions step 2 - create and assign roles and permissions for spatie'
'ab3fd52e,Shalini,2023-02-08 17:56:47,roles and permissions step 2 - created new role'
'3d47347e,Shalini,2023-02-08 17:47:25,roles and permissions step 1 - install spatie'
'13aba46b,arinamaros,2023-02-08 16:06:51,login working'
'34436da5,arinamaros,2023-02-08 11:58:38,shopping cart working succesfully'
'79701b83,arinamaros,2023-02-08 01:14:29,fixed checkout.blade.php typo'
'bb89ed03,arinamaros,2023-02-08 01:01:22,fixed css buttons'
'bafe18e4,arinamaros,2023-02-08 00:54:47,added css'
'8ac1dea2,arinamaros,2023-02-07 23:56:10,deleted random text'
'529da0c1,arinamaros,2023-02-07 23:52:10,added navbar elements'
'41291e58,arinamaros,2023-02-07 23:47:57,added navbar elements'
'8cada471,Your Name,2023-02-07 23:29:43,Merge branch 'main' of https://github.com/TUDublinBlanchBusinessIT/final-year-project-part-2-eventdream'
'9ac1acd1,Your Name,2023-02-07 23:28:47,navbar'
'239e4aed,arinamaros,2023-02-07 22:31:41,fixed database eventprodlog table'
'bb20bfef,arinamaros,2023-02-07 22:10:02,fixed product files'
'ec1b0af4,arinamaros,2023-02-07 21:51:18,added __DIR'
'f845748b,arinamaros,2023-02-07 21:48:53,added checkout'
'667bcb2e,arinamaros,2023-02-07 17:35:50,removed employeeController and route in web.php to fix route list'
'2bfdf308,Your Name,2023-02-07 16:18:36,added calendar route'
'1686278e,Your Name,2023-02-04 23:30:43,created display.blade.php'
'a99bb3e6,Your Name,2023-02-04 23:17:53,created calendarController'
'78c29efb,arinamaros,2023-02-03 20:06:28,changed title'
'b5c0b3c7,arinamaros,2023-02-03 18:02:21,Merge branch 'main' of https://github.com/TUDublinBlanchBusinessIT/final-year-project-part-2-eventdream'
'caed038a,arinamaros,2023-02-03 18:01:42,testing changes'
'2b1a70a6,Your Name,2023-02-02 23:12:46,Merge branch 'main' of https://github.com/TUDublinBlanchBusinessIT/final-year-project-part-2-eventdream'
'5087c59e,Your Name,2023-02-02 23:09:46,test'
'b61fc7ab,arinamaros,2023-02-02 17:07:59,test 18'
'82de859e,arinamaros,2023-02-02 17:04:01,cleared cache'
'7e14d612,arinamaros,2023-02-02 13:55:11,test 17'
'e58df690,arinamaros,2023-02-02 13:52:50,test 16'
'd9ecdc98,arinamaros,2023-02-02 13:32:48,test 14'
'437b431c,arinamaros,2023-02-02 11:28:47,test 13'
'cb996d3b,arinamaros,2023-02-02 11:26:20,test 12'
'168eacf6,arinamaros,2023-02-02 11:25:19,test 11'
'2b54922c,Eoin OKennedy,2023-02-01 22:14:27,put db pwd in quotes in env file'
'0ac6ad46,arinamaros,2023-02-01 14:46:41,test 10'
'102999c8,arinamaros,2023-02-01 14:40:08,test 9'
'14e9a014,arinamaros,2023-02-01 14:22:21,test 8'
'65af0122,arinamaros,2023-02-01 13:26:00,test 7'
'2668a76c,arinamaros,2023-02-01 13:18:35,Create laravel.yml'
'ffd77bb3,arinamaros,2023-02-01 12:59:13,test 3'
'ffa4253a,arinamaros,2023-02-01 12:44:58,test 2'
'95ba9466,arinamaros,2023-02-01 12:27:04,test'
'3aaee83a,arinamaros,2023-01-31 18:00:48,added hello'
'7ee97584,Eoin OKennedy,2023-01-31 17:51:29,eoin adding hello file'
'1ae2e735,arinamaros,2023-01-30 16:57:01,moved .github folder'
'4c3b2d51,arinamaros,2023-01-30 16:29:16,added github-actions-deploy.yml'
'f71bd093,arinamaros,2023-01-30 16:25:50,scaffolded tables'